{"playerData":{"playerPositionAndRotation":[35.094505310058597,2.2549996376037599,129.67218017578126,-0.009863161481916905,-0.6359961628913879,0.008129916153848172],"inventoryContent":[],"quickSlotsContent":["CellKey"]},"environmentData":{"pickedupItems":["Key_Model"],"openedDoors":[1,-1]}}